{
  "permutation_importance_head": {
    "Linear Regression": {
      "A1_lag1": 0.728817,
      "A1_lag2": 0.012667,
      "A1_lag3": 0.18391,
      "A1_lag4": 0.715001,
      "A1_lag8": 0.09187,
      "A1_lag12": 0.008776,
      "A1_rolling_mean_4": 0.279422,
      "A1_rolling_std_4": 9.5e-05,
      "A1_rolling_mean_8": 0.077587,
      "A1_rolling_std_8": 4.9e-05,
      "A1_rolling_mean_12": 0.181607,
      "A1_rolling_std_12": 0.000769,
      "A1_diff_1": 0.004643,
      "A1_diff_4": 0.199948,
      "A1_pct_change_1": 0.000524,
      "A1_pct_change_4": 0.003026,
      "month": 1.7e-05,
      "quarter": 0.000654,
      "year": -1.1e-05,
      "week_of_year": 0.000321
    },
    "Ridge Regression": {
      "A1_lag1": 0.093681,
      "A1_lag2": 0.019956,
      "A1_lag3": -0.000746,
      "A1_lag4": 0.088659,
      "A1_lag8": 0.002982,
      "A1_lag12": -0.000446,
      "A1_rolling_mean_4": 0.043232,
      "A1_rolling_std_4": 7.6e-05,
      "A1_rolling_mean_8": 0.043866,
      "A1_rolling_std_8": 4.1e-05,
      "A1_rolling_mean_12": 0.023283,
      "A1_rolling_std_12": 0.000647,
      "A1_diff_1": 0.03145,
      "A1_diff_4": 0.047859,
      "A1_pct_change_1": 0.00032,
      "A1_pct_change_4": 0.002035,
      "month": 4.7e-05,
      "quarter": 0.000626,
      "year": -0.00051,
      "week_of_year": 0.000255
    },
    "Lasso Regression": {
      "A1_lag1": 0.776582,
      "A1_lag2": 0.0,
      "A1_lag3": 0.0,
      "A1_lag4": 0.0,
      "A1_lag8": 0.0,
      "A1_lag12": 0.0,
      "A1_rolling_mean_4": 0.0,
      "A1_rolling_std_4": 4.4e-05,
      "A1_rolling_mean_8": 0.0,
      "A1_rolling_std_8": 0.0,
      "A1_rolling_mean_12": 0.0,
      "A1_rolling_std_12": 8.3e-05,
      "A1_diff_1": 0.055946,
      "A1_diff_4": 0.001896,
      "A1_pct_change_1": 0.0,
      "A1_pct_change_4": 0.0,
      "month": 0.0,
      "quarter": 0.0,
      "year": -0.000311,
      "week_of_year": 2.9e-05
    },
    "Random Forest": {
      "A1_lag1": 0.05854,
      "A1_lag2": -0.000725,
      "A1_lag3": -0.000385,
      "A1_lag4": -0.000254,
      "A1_lag8": 0.000294,
      "A1_lag12": -9.1e-05,
      "A1_rolling_mean_4": -0.000197,
      "A1_rolling_std_4": 0.000714,
      "A1_rolling_mean_8": -0.0008,
      "A1_rolling_std_8": -0.000237,
      "A1_rolling_mean_12": -4.2e-05,
      "A1_rolling_std_12": -0.00011,
      "A1_diff_1": 0.011553,
      "A1_diff_4": 0.003143,
      "A1_pct_change_1": 0.013768,
      "A1_pct_change_4": 0.003933,
      "month": 0.000162,
      "quarter": 0.00025,
      "year": 0.0,
      "week_of_year": 0.001163
    },
    "XGBoost": {
      "A1_lag1": 0.314679,
      "A1_lag2": -0.003126,
      "A1_lag3": 0.008089,
      "A1_lag4": 0.000895,
      "A1_lag8": 3.5e-05,
      "A1_lag12": -0.000265,
      "A1_rolling_mean_4": -3.2e-05,
      "A1_rolling_std_4": 0.000243,
      "A1_rolling_mean_8": -0.00095,
      "A1_rolling_std_8": -0.00072,
      "A1_rolling_mean_12": -0.000671,
      "A1_rolling_std_12": 8.2e-05,
      "A1_diff_1": 0.021617,
      "A1_diff_4": 0.002153,
      "A1_pct_change_1": 0.011955,
      "A1_pct_change_4": 0.000149,
      "month": -0.000502,
      "quarter": -5e-06,
      "year": 0.0,
      "week_of_year": 0.00288
    },
    "MLP": {
      "A1_lag1": 0.071585,
      "A1_lag2": 0.103533,
      "A1_lag3": 0.113441,
      "A1_lag4": 0.075721,
      "A1_lag8": 0.01425,
      "A1_lag12": 0.009456,
      "A1_rolling_mean_4": 0.063766,
      "A1_rolling_std_4": 0.010811,
      "A1_rolling_mean_8": 0.028727,
      "A1_rolling_std_8": 0.00397,
      "A1_rolling_mean_12": 0.060882,
      "A1_rolling_std_12": 0.001337,
      "A1_diff_1": 0.028454,
      "A1_diff_4": 0.028745,
      "A1_pct_change_1": 0.005367,
      "A1_pct_change_4": 0.005093,
      "month": 0.014201,
      "quarter": 0.002362,
      "year": -0.010694,
      "week_of_year": 0.00368
    },
    "LSTM-B": {
      "A1_lag1": 0.039705,
      "A1_lag2": 0.028257,
      "A1_lag3": 0.056982,
      "A1_lag4": 0.055922,
      "A1_lag8": 0.022673,
      "A1_lag12": 0.014166,
      "A1_rolling_mean_4": 0.042304,
      "A1_rolling_std_4": 0.001016,
      "A1_rolling_mean_8": 0.030503,
      "A1_rolling_std_8": 0.004197,
      "A1_rolling_mean_12": 0.031598,
      "A1_rolling_std_12": 0.000753,
      "A1_diff_1": 0.02184,
      "A1_diff_4": 0.039018,
      "A1_pct_change_1": 0.010766,
      "A1_pct_change_4": 0.011788,
      "month": -0.001868,
      "quarter": -0.001141,
      "year": -0.001918,
      "week_of_year": 0.003379
    },
    "GRU": {
      "A1_lag1": 0.032049,
      "A1_lag2": 0.027806,
      "A1_lag3": 0.028559,
      "A1_lag4": 0.021143,
      "A1_lag8": 0.01051,
      "A1_lag12": 0.006636,
      "A1_rolling_mean_4": 0.025819,
      "A1_rolling_std_4": -0.000308,
      "A1_rolling_mean_8": 0.028585,
      "A1_rolling_std_8": 0.002371,
      "A1_rolling_mean_12": 0.000972,
      "A1_rolling_std_12": 0.00229,
      "A1_diff_1": 0.070613,
      "A1_diff_4": 0.029513,
      "A1_pct_change_1": 0.029801,
      "A1_pct_change_4": 0.01046,
      "month": 0.012292,
      "quarter": 0.001258,
      "year": 0.000765,
      "week_of_year": -0.000927
    }
  },
  "category_share": {
    "Linear Regression": {
      "Cross-grade lag": 0.317,
      "Date / seasonal": 0.0006,
      "Price change": 0.0571,
      "Rolling stat": 0.1479,
      "Target lag": 0.4774
    },
    "Ridge Regression": {
      "Cross-grade lag": 0.3941,
      "Date / seasonal": 0.0039,
      "Price change": 0.1235,
      "Rolling stat": 0.1681,
      "Target lag": 0.3104
    },
    "Lasso Regression": {
      "Cross-grade lag": 0.0176,
      "Date / seasonal": 0.0007,
      "Price change": 0.068,
      "Rolling stat": 0.0001,
      "Target lag": 0.9135
    },
    "Random Forest": {
      "Cross-grade lag": 0.852,
      "Date / seasonal": 0.0033,
      "Price change": 0.051,
      "Rolling stat": 0.0011,
      "Target lag": 0.0926
    },
    "XGBoost": {
      "Cross-grade lag": 0.5354,
      "Date / seasonal": 0.004,
      "Price change": 0.0459,
      "Rolling stat": 0.0004,
      "Target lag": 0.4143
    },
    "MLP": {
      "Cross-grade lag": 0.1277,
      "Date / seasonal": 0.1078,
      "Price change": 0.0827,
      "Rolling stat": 0.2073,
      "Target lag": 0.4745
    },
    "LSTM-B": {
      "Cross-grade lag": 0.3074,
      "Date / seasonal": 0.0098,
      "Price change": 0.1384,
      "Rolling stat": 0.1832,
      "Target lag": 0.3613
    },
    "GRU": {
      "Cross-grade lag": 0.2517,
      "Date / seasonal": 0.0394,
      "Price change": 0.3042,
      "Rolling stat": 0.1301,
      "Target lag": 0.2746
    }
  },
  "shared_top10": [
    "A1_diff_4",
    "A1_lag1",
    "R1_lag1"
  ]
}