{
  "model_name": "Lasso Regression",
  "horizon": 1,
  "feature_mode": "full",
  "metrics": {
    "val": {
      "RMSE": 0.044664,
      "MAE": 0.035876,
      "MAPE": 1.3428
    },
    "test": {
      "RMSE": 0.054264,
      "MAE": 0.045186,
      "MAPE": 1.784
    }
  },
  "predictions": {
    "test": [
      2.503027793727308,
      2.4661048419619007,
      2.4719600047806938,
      2.463711984114654,
      2.5264931076365333,
      2.600033257215969,
      2.590702845902042,
      2.6045856412777435,
      2.5444183149443957,
      2.501932778685829,
      2.5114349016366093,
      2.552300944415834,
      2.5515841581267518,
      2.564711002418189,
      2.4954348341801076,
      2.4458072784336418,
      2.421247664060287,
      2.3898131703955814,
      2.4544493627937145,
      2.41678308073386,
      2.4754778334539402,
      2.5218620756654127,
      2.5365993826428803,
      2.5357706957792185,
      2.499712548512413,
      2.562654875379053,
      2.9431136497504644,
      2.8344835438491436,
      2.7622808461073918,
      2.7114259736055555,
      2.6882091100736805,
      2.610203779778268,
      2.6136580501276696,
      2.6089057757315826,
      2.6267161953148492,
      2.7296699535933553,
      2.749712100260486,
      2.7047378253340595,
      2.664369400971371,
      2.6321656594385834,
      2.6196403129809758,
      2.580535675556913,
      2.62603438932228,
      2.695483730368239,
      2.681488596538714,
      2.731666900698098,
      2.732942286464895,
      2.7810181238942633,
      2.8104976173590637,
      2.7549174587433463,
      2.697296265201995,
      2.6990502670791536,
      2.7207254693268186,
      2.7143571456921576,
      2.774015410672794,
      2.8262610027492974,
      2.8828639384730588,
      2.852713710264491,
      2.9270340181179977,
      2.9770171933387326,
      3.0197814049363365,
      2.9994811647234356,
      2.981716257235461,
      3.0573360672481504,
      3.091759795625085,
      3.044318724073667,
      3.012558554461414,
      2.977359626454893,
      2.9226181192295897,
      2.9554945425146366,
      2.9725216214325996,
      2.978503844527795,
      2.9334018739012127,
      2.9636699993005506,
      2.964057091619112,
      2.948238461599103,
      2.9240620232350554,
      2.940039900883063,
      2.93166478093448,
      2.9473801815688345,
      2.9581604650018165,
      2.9570799626914495,
      2.989275065462526,
      3.0325539973725557,
      2.9856483445165676,
      2.9441361762270946,
      2.9157288899231153,
      2.8439214518088525,
      2.7720075216471405,
      2.6965170124620195,
      2.626680792732167,
      2.5360967932755143,
      2.5263377175769683,
      2.470467190305654,
      2.427855471773085,
      2.3762065710793427,
      2.362795608170149,
      2.389901439401797,
      2.3916091753199358,
      2.399347457891676,
      2.399755762117625,
      2.4290490483581517,
      2.4763211495230792,
      2.5622000659424757,
      2.5795601102824826,
      2.6330059515913122,
      2.719098552082203,
      2.7903235550781327,
      2.855533322729528,
      2.902838663541323,
      2.9975406677476033,
      2.977309808256171,
      3.0338058947364415,
      3.028222610746103,
      2.9778830748038394,
      2.9678257750921344,
      2.9289449139847648,
      2.916793109580291,
      2.8228923658608758,
      2.7640439433146327,
      2.764322686867974,
      2.8512915480345162,
      2.8745306969556847,
      2.9137443164479797,
      2.8622520298027996,
      2.820605263855392,
      2.7939386663357317,
      2.7138952668816114,
      2.70310963081282,
      2.6826885977401167,
      2.6773984646498534,
      2.667315545721886,
      2.6770671392903784,
      2.822123945457502,
      2.777092358946058,
      2.784641933370247,
      2.76087673354926,
      2.773713238819286,
      2.70950147251053,
      2.7408331419881895,
      2.750408530049307,
      2.7138094423727446,
      2.7035702200857035,
      2.7026477647492886,
      2.6828343912728894,
      2.6543735064155176,
      2.6567765114133244,
      2.714917398134295,
      2.715946708101607,
      2.7034668288275205,
      2.661234623582631,
      2.6284974779832764,
      2.5713050400919837,
      2.5397923893907914,
      2.5643807602387736,
      2.6156503572956575,
      2.54732249031338,
      2.4999462935930956,
      2.338683788710204,
      2.2036280225515235,
      2.091604968830259,
      2.0238195057190613,
      1.9629842117270917,
      1.9409886524727262,
      1.9079748105111918,
      1.9474490809747012,
      2.0287129107064312,
      2.047299531153717,
      2.1518191724729796,
      2.1385499545819417,
      2.2135767151026253,
      2.27638180341033,
      2.290043619750928,
      2.33912177320155,
      2.322733721638579,
      2.3429292063402962,
      2.3223289224047248,
      2.309131173731788,
      2.3124251355769907,
      2.2967766485307384,
      2.3019278731824,
      2.3256062532174555,
      2.3746399531954183,
      2.3444754536289163,
      2.308235556998415,
      2.297279250680522,
      2.300182646925884,
      2.3034295349544784,
      2.2970094695438465,
      2.2762137369789275,
      2.2741259771040476,
      2.2330545443838985,
      2.2221303907737404,
      2.249866745131338,
      2.235076293099448,
      2.265583524289711,
      2.311392345324556,
      2.297787438426721,
      2.3899210719793813,
      2.390670664393911,
      2.3968066036785984,
      2.489676799327278,
      2.545343634939308
    ]
  },