{
  "model_name": "Linear Regression",
  "horizon": 1,
  "feature_mode": "basic",
  "metrics": {
    "val": {
      "RMSE": 0.0741,
      "MAE": 0.057643,
      "MAPE": 2.1046
    },
    "test": {
      "RMSE": 0.066627,
      "MAE": 0.048103,
      "MAPE": 1.8643
    }
  },
  "predictions": {
    "test": [
      2.4378267164913248,
      2.4728921489955975,
      2.428773363982192,
      2.435798700332575,
      2.423005651604876,
      2.5048324095166303,
      2.5913520447037808,
      2.5761203833254616,
      2.5816068265596708,
      2.4956561881967874,
      2.4464363690498954,
      2.4611610999433227,
      2.5235024520964604,
      2.525163414865106,
      2.5375697645903164,
      2.444709078482218,
      2.389214448658568,
      2.365048889412195,
      2.3431012661220483,
      2.4315558905937786,
      2.383868070141488,
      2.4586915764217796,
      2.505024984839994,
      2.5301432850851184,
      2.516908601270277,
      2.464469408069174,
      2.5396649940618428,
      3.012698211522733,
      2.8673511880089855,
      2.7596842996238617,
      2.642884782893275,
      2.6363879994366433,
      2.553782270796991,
      2.569571872057021,
      2.5654219195622927,
      2.5989878511788835,
      2.7232840657154287,
      2.744807816130141,
      2.690213957505258,
      2.6258456722562546,
      2.583009356394226,
      2.576551743446469,
      2.534814071461896,
      2.5956863506817833,
      2.672304089344085,
      2.654862278230426,
      2.7085620870980973,
      2.7007090800026767,
      2.763190608997859,
      2.786134294383184,
      2.713577752721804,
      2.6351822641623537,
      2.638559973601908,
      2.673464017739648,
      2.673522976396264,
      2.746732202004633,
      2.806858828905833,
      2.873938799112313,
      2.8243663322973744,
      2.909458281423519,
      2.9600326412482847,
      3.013472280674895,
      2.9714691054377615,
      2.9403265150969604,
      3.025360028598417,
      3.0682328279423654,
      3.010621992169483,
      2.9610122008273807,
      2.9161179662536125,
      2.8590368664990264,
      2.91232718822656,
      2.9380961131004386,
      2.9518640336423836,
      2.8892590514432093,
      2.9271978502846405,
      2.931452936644539,
      2.919812030769569,
      2.8842585582101754,
      2.9048407390739763,
      2.8976393320766576,
      2.9182930378886214,
      2.9282176276238587,
      2.9274435983290052,
      2.966825711619486,
      3.0158420046960304,
      2.9536045109416467,
      2.897185266400408,
      2.8587456127045274,
      2.7812216133012813,
      2.702885975301265,
      2.619038569060046,
      2.5501728627666838,
      2.453885046111073,
      2.4613830922958844,
      2.4074415982886834,
      2.3732791770080977,
      2.310250300812177,
      2.301058627677122,
      2.343898540904534,
      2.3531730072632024,
      2.361370233687024,
      2.352172378118709,
      2.3862378104794484,
      2.440916094232625,
      2.5434407988249075,
      2.551447962805358,
      2.6057292291915535,
      2.696219424398578,
      2.779113171488231,
      2.846615735182208,
      2.8887396716686844,
      2.9914090796501713,
      2.9515019815142893,
      3.0115420083373836,
      2.9874889698148754,
      2.9278437240889312,
      2.9085350524877196,
      2.863608280818532,
      2.8608081402479355,
      2.748595179103597,
      2.6883166429693865,
      2.6982648439725856,
      2.8284477635822816,
      2.8614192122880473,
      2.9071720011753373,
      2.828385132654277,
      2.7741485007320135,
      2.741337585260859,
      2.6521131765714134,
      2.648659471423459,
      2.6275437292783783,
      2.634727405834087,
      2.6229604506756248,
      2.6406479078864313,
      2.8214182231942773,
      2.76095776030758,
      2.7684791277870087,
      2.716951324510095,
      2.73957453561475,
      2.656551220879611,
      2.700778917938643,
      2.70954393292472,
      2.6723279134411886,
      2.654338201246373,
      2.653286986425705,
      2.6377265291606973,
      2.605458719429711,
      2.610534475438267,
      2.6826721181175195,
      2.6798049342224903,
      2.660861515206185,
      2.60112749684129,
      2.5651838855902147,
      2.4973453371329324,
      2.470194748504815,
      2.5096702077592687,
      2.5818674724636184,
      2.494940169344121,
      2.434310577123999,
      2.233598565300036,
      2.09154971427996,
      1.9737823492411157,
      1.9234998218309196,
      1.872158961349388,
      1.8644727750440098,
      1.8347951425721298,
      1.8967904733473915,
      2.0028912562442307,
      2.026728470651226,
      2.147029361993217,
      2.111905715368773,
      2.1963573041592124,
      2.252160958800877,
      2.2649611740445623,
      2.3091464468206673,
      2.2780430338088316,
      2.2981558509420292,
      2.2647754265628515,
      2.2517025009809832,
      2.256224850660601,
      2.2421580481692276,
      2.2502570287330346,
      2.2802729245201903,
      2.3440514517734936,
      2.306596358485109,
      2.259150709731556,
      2.240600858405071,
      2.2521947122149033,
      2.2635344436091045,
      2.255842925097445,
      2.228499703653819,
      2.226722103859919,
      2.1785790177910793,
      2.171475606845433,
      2.2083954019630125,
      2.192775132057095,
      2.2296009637722527,
      2.2787102706446216,
      2.26196647306218,
      2.370284241361808,
      2.3601522672671233,
      2.3577491580285823,
      2.4587176807138085
    ]
  },