{
  "model_name": "Linear Regression",
  "horizon": 1,
  "feature_mode": "full",
  "metrics": {
    "val": {
      "RMSE": 0.04461,
      "MAE": 0.035707,
      "MAPE": 1.3252
    },
    "test": {
      "RMSE": 0.041244,
      "MAE": 0.030332,
      "MAPE": 1.179
    }
  },
  "predictions": {
    "test": [
      2.4980225396167306,
      2.4649058505880954,
      2.473688341897108,
      2.4626866636463833,
      2.533521143669071,
      2.604094952520024,
      2.5981326425537628,
      2.6084464897646757,
      2.5389061555049097,
      2.500296858607233,
      2.5096828527178645,
      2.5573111331233553,
      2.5599561173126393,
      2.566599823853229,
      2.4925135335023985,
      2.4417882718815376,
      2.417726970658585,
      2.394964689009461,
      2.4646955289761787,
      2.4225509035594888,
      2.4839269308259078,
      2.5171954250708954,
      2.5352773730034714,
      2.5353304528639193,
      2.498227499511153,
      2.561935300478925,
      2.9340674502905104,
      2.8284962185753004,
      2.771683166887037,
      2.6819920896051768,
      2.6597859868347293,
      2.596601937080686,
      2.6219516430279275,
      2.6193157236646436,
      2.6097804255655044,
      2.715399113970077,
      2.7440671615777417,
      2.712250683308357,
      2.657792921469241,
      2.6240560550666636,
      2.6155983289108717,
      2.581649154824739,
      2.632087468077076,
      2.695575101947768,
      2.6812648424216894,
      2.732637495215241,
      2.7304338404393493,
      2.78129148504377,
      2.809477184785929,
      2.7620586018452684,
      2.7000337585071588,
      2.691136373043555,
      2.7179213950491166,
      2.7185648273743657,
      2.7837878468242727,
      2.8288520258738874,
      2.887667199971634,
      2.859649507374593,
      2.9378080319463646,
      2.9821699121841654,
      3.027067375629473,
      3.0072832186072884,
      2.985431576547773,
      2.9973169852243364,
      3.0308410831895927,
      2.997595817521924,
      2.9606757151739806,
      2.916064244716503,
      2.857832689675587,
      2.9004986609762033,
      2.925916928843507,
      2.932520891204523,
      2.8809446982631517,
      2.908583252942851,
      2.9043032262646955,
      2.8953963626231713,
      2.8731342036511753,
      2.8867679029650883,
      2.873480664880574,
      2.889610240584884,
      2.9040933434724066,
      2.902231189299076,
      2.9338113942973183,
      2.9754100301412616,
      2.934866608925657,
      2.8921195337669987,
      2.8559094615409113,
      2.7833349059137724,
      2.715421879133473,
      2.6404561079535,
      2.5708584758116975,
      2.475535354034271,
      2.4703776267279625,
      2.4136489225206534,
      2.374569788854558,
      2.329150102798686,
      2.305488021654239,
      2.3304129108608382,
      2.333742588220316,
      2.347453683879347,
      2.3410603324305885,
      2.368665374185631,
      2.413045506384946,
      2.50613424025655,
      2.5266698708364026,
      2.5805802843618784,
      2.6586515132568276,
      2.72882587003229,
      2.8047089864969745,
      2.8491411340344683,
      2.939415395026251,
      2.9132957704020113,
      2.974083217717824,
      2.9629500205044534,
      2.9164948898369567,
      2.901911273003533,
      2.8601939014024915,
      2.8513815372021796,
      2.7564754049727744,
      2.7074426218655137,
      2.701421840040275,
      2.793724259118929,
      2.825939628047346,
      2.8687219634173324,
      2.804507657752929,
      2.758118013584072,
      2.7265634996107053,
      2.6544185326281102,
      2.6497224797557264,
      2.6199131433658334,
      2.6167583789874866,
      2.6034299267737375,
      2.6163220239477774,
      2.7602191344856415,
      2.71465671384672,
      2.7291803016170864,
      2.6910108481853987,
      2.70662116774552,
      2.6467687764426593,
      2.6838565838717083,
      2.691525850774129,
      2.6469193558167117,
      2.6400917297973097,
      2.6376616199865808,
      2.62354964135831,
      2.5935422740528877,
      2.5998516962157217,
      2.6655111212842426,
      2.660990565232251,
      2.6526426379276025,
      2.6051423978050074,
      2.5688929913252796,
      2.5098746962219916,
      2.4831013668250685,
      2.5088616576873255,
      2.558596201013721,
      2.493152911755357,
      2.4441201055712867,
      2.273720587290108,
      2.1385662154684146,
      2.0310715348958,
      1.9751864446583087,
      1.919226750801232,
      1.8936850147625213,
      1.85975542618722,
      1.8933595725810901,
      1.971164073293934,
      1.9882586986964466,
      2.089585357089882,
      2.06833089155152,
      2.150633207929837,
      2.20862068456009,
      2.233902721037575,
      2.281387681538577,
      2.259199005625594,
      2.283805564435817,
      2.2545068993538684,
      2.251211415619714,
      2.246828828530666,
      2.233234758057711,
      2.2407996292601022,
      2.261009795425355,
      2.3153496717383097,
      2.2820290670652588,
      2.2495463416838755,
      2.232248130046948,
      2.2339938569065265,
      2.2461308994360314,
      2.2424373590868822,
      2.219778075416493,
      2.2101654760590748,
      2.168623913276543,
      2.1621388551646823,
      2.189185593911908,
      2.1748404108567003,
      2.206010057415933,
      2.2485059736913753,
      2.236953509165264,
      2.326984620231557,
      2.326421650384635,
      2.3418823791410524,
      2.425929059188176,
      2.4807354334673484
    ]
  },