{
  "model_name": "Naive Baseline",
  "horizon": 1,
  "feature_mode": "full",
  "metrics": {
    "val": {
      "RMSE": 0.086868,
      "MAE": 0.068084,
      "MAPE": 2.5359
    },
    "test": {
      "RMSE": 0.07662,
      "MAE": 0.057631,
      "MAPE": 2.2794
    }
  },
  "predictions": {
    "test": [
      2.427,
      2.452,
      2.434,
      2.433,
      2.428,
      2.471,
      2.534,
      2.546,
      2.559,
      2.522,
      2.484,
      2.481,
      2.51,
      2.516,
      2.525,
      2.479,
      2.433,
      2.404,
      2.376,
      2.411,
      2.392,
      2.426,
      2.467,
      2.492,
      2.497,
      2.474,
      2.513,
      2.794,
      2.8,
      2.75,
      2.701,
      2.682,
      2.622,
      2.605,
      2.594,
      2.602,
      2.673,
      2.706,
      2.683,
      2.648,
      2.617,
      2.601,
      2.568,
      2.589,
      2.637,
      2.639,
      2.673,
      2.684,
      2.723,
      2.753,
      2.724,
      2.676,
      2.666,
      2.679,
      2.677,
      2.716,
      2.764,
      2.817,
      2.811,
      2.863,
      2.914,
      2.961,
      2.96,
      2.949,
      2.999,
      3.039,
      3.018,
      2.989,
      2.958,
      2.913,
      2.924,
      2.937,
      2.943,
      2.911,
      2.924,
      2.93,
      2.921,
      2.9,
      2.906,
      2.903,
      2.912,
      2.921,
      2.923,
      2.947,
      2.984,
      2.961,
      2.925,
      2.896,
      2.84,
      2.773,
      2.7,
      2.63,
      2.544,
      2.511,
      2.46,
      2.413,
      2.358,
      2.329,
      2.338,
      2.34,
      2.343,
      2.341,
      2.361,
      2.4,
      2.471,
      2.502,
      2.549,
      2.625,
      2.701,
      2.77,
      2.826,
      2.912,
      2.926,
      2.972,
      2.983,
      2.954,
      2.939,
      2.909,
      2.893,
      2.821,
      2.759,
      2.741,
      2.798,
      2.827,
      2.86,
      2.833,
      2.798,
      2.772,
      2.71,
      2.684,
      2.661,
      2.651,
      2.638,
      2.64,
      2.741,
      2.737,
      2.742,
      2.727,
      2.735,
      2.692,
      2.702,
      2.711,
      2.688,
      2.672,
      2.667,
      2.652,
      2.627,
      2.621,
      2.658,
      2.665,
      2.657,
      2.625,
      2.595,
      2.546,
      2.511,
      2.518,
      2.555,
      2.514,
      2.468,
      2.343,
      2.217,
      2.103,
      2.022,
      1.951,
      1.91,
      1.87,
      1.883,
      1.941,
      1.969,
      2.049,
      2.064,
      2.123,
      2.185,
      2.216,
      2.26,
      2.265,
      2.283,
      2.275,
      2.265,
      2.266,
      2.256,
      2.256,
      2.272,
      2.311,
      2.302,
      2.274,
      2.259,
      2.259,
      2.262,
      2.257,
      2.24,
      2.234,
      2.204,
      2.188,
      2.202,
      2.194,
      2.211,
      2.246,
      2.247,
      2.311,
      2.33,
      2.336,
      2.403
    ]
  },
  "dates": {
    "test": [
      "2017-03-06T00:00:00.000000",
      "2017-03-13T00:00:00.000000",
      "2017-03-20T00:00:00.000000",
      "2017-03-27T00:00:00.000000",
      "2017-04-03T00:00:00.000000",
      "2017-04-10T00:00:00.000000",
      "2017-04-17T00:00:00.000000",
      "2017-04-24T00:00:00.000000",
      "2017-05-01T00:00:00.000000",
      "2017-05-08T00:00:00.000000",
      "2017-05-15T00:00:00.000000",
      "2017-05-22T00:00:00.000000",
      "2017-05-29T00:00:00.000000",
      "2017-06-05T00:00:00.000000",
      "2017-06-12T00:00:00.000000",
      "2017-06-19T00:00:00.000000",
      "2017-06-26T00:00:00.000000",
      "2017-07-03T00:00:00.000000",
      "2017-07-10T00:00:00.000000",
      "2017-07-17T00:00:00.000000",
      "2017-07-24T00:00:00.000000",
      "2017-07-31T00:00:00.000000",
      "2017-08-07T00:00:00.000000",
      "2017-08-14T00:00:00.000000",
      "2017-08-21T00:00:00.000000",
      "2017-08-28T00:00:00.000000",
      "2017-09-04T00:00:00.000000",
      "2017-09-11T00:00:00.000000",
      "2017-09-18T00:00:00.000000",
      "2017-09-25T00:00:00.000000",
      "2017-10-02T00:00:00.000000",
      "2017-10-09T00:00:00.000000",
      "2017-10-16T00:00:00.000000",
      "2017-10-23T00:00:00.000000",
      "2017-10-30T00:00:00.000000",
      "2017-11-06T00:00:00.000000",
      "2017-11-13T00:00:00.000000",
      "2017-11-20T00:00:00.000000",
      "2017-11-27T00:00:00.000000",
      "2017-12-04T00:00:00.000000",
      "2017-12-11T00:00:00.000000",
      "2017-12-18T00:00:00.000000",
      "2017-12-25T00:00:00.000000",
      "2018-01-01T00:00:00.000000",
      "2018-01-08T00:00:00.000000",
      "2018-01-15T00:00:00.000000",
      "2018-01-22T00:00:00.000000",
      "2018-01-29T00:00:00.000000",
      "2018-02-05T00:00:00.000000",
      "2018-02-12T00:00:00.000000",
      "2018-02-19T00:00:00.000000",
      "2018-02-26T00:00:00.000000",
      "2018-03-05T00:00:00.000000",
      "2018-03-12T00:00:00.000000",
      "2018-03-19T00:00:00.000000",
      "2018-03-26T00:00:00.000000",
      "2018-04-02T00:00:00.000000",
      "2018-04-09T00:00:00.000000",
      "2018-04-16T00:00:00.000000",
      "2018-04-23T00:00:00.000000",
      "2018-04-30T00:00:00.000000",
      "2018-05-07T00:00:00.000000",
      "2018-05-14T00:00:00.000000",
      "2018-05-21T00:00:00.000000",
      "2018-05-28T00:00:00.000000",
      "2018-06-04T00:00:00.000000",
      "2018-06-11T00:00:00.000000",
      "2018-06-18T00:00:00.000000",
      "2018-06-25T00:00:00.000000",
      "2018-07-02T00:00:00.000000",
      "2018-07-09T00:00:00.000000",
      "2018-07-16T00:00:00.000000",
      "2018-07-23T00:00:00.000000",
      "2018-07-30T00:00:00.000000",
      "2018-08-06T00:00:00.000000",
      "2018-08-13T00:00:00.000000",
      "2018-08-20T00:00:00.000000",
      "2018-08-27T00:00:00.000000",
      "2018-09-03T00:00:00.000000",
      "2018-09-10T00:00:00.000000",
      "2018-09-17T00:00:00.000000",
      "2018-09-24T00:00:00.000000",
      "2018-10-01T00:00:00.000000",
      "2018-10-08T00:00:00.000000",
      "2018-10-15T00:00:00.000000",
      "2018-10-22T00:00:00.000000",
      "2018-10-29T00:00:00.000000",
      "2018-11-05T00:00:00.000000",
      "2018-11-12T00:00:00.000000",
      "2018-11-19T00:00:00.000000",
      "2018-11-26T00:00:00.000000",
      "2018-12-03T00:00:00.000000",
      "2018-12-10T00:00:00.000000",
      "2018-12-17T00:00:00.000000",
      "2018-12-24T00:00:00.000000",
      "2018-12-31T00:00:00.000000",
      "2019-01-07T00:00:00.000000",
      "2019-01-14T00:00:00.000000",
      "2019-01-21T00:00:00.000000",
      "2019-01-28T00:00:00.000000",
      "2019-02-04T00:00:00.000000",
      "2019-02-11T00:00:00.000000",
      "2019-02-18T00:00:00.000000",
      "2019-02-25T00:00:00.000000",
      "2019-03-04T00:00:00.000000",
      "2019-03-11T00:00:00.000000",
      "2019-03-18T00:00:00.000000",
      "2019-03-25T00:00:00.000000",
      "2019-04-01T00:00:00.000000",
      "2019-04-08T00:00:00.000000",
      "2019-04-15T00:00:00.000000",
      "2019-04-22T00:00:00.000000",
      "2019-04-29T00:00:00.000000",
      "2019-05-06T00:00:00.000000",
      "2019-05-13T00:00:00.000000",
      "2019-05-20T00:00:00.000000",
      "2019-05-27T00:00:00.000000",
      "2019-06-03T00:00:00.000000",
      "2019-06-10T00:00:00.000000",
      "2019-06-17T00:00:00.000000",
      "2019-06-24T00:00:00.000000",
      "2019-07-01T00:00:00.000000",
      "2019-07-08T00:00:00.000000",
      "2019-07-15T00:00:00.000000",
      "2019-07-22T00:00:00.000000",
      "2019-07-29T00:00:00.000000",
      "2019-08-05T00:00:00.000000",
      "2019-08-12T00:00:00.000000",
      "2019-08-19T00:00:00.000000",
      "2019-08-26T00:00:00.000000",
      "2019-09-02T00:00:00.000000",
      "2019-09-09T00:00:00.000000",
      "2019-09-16T00:00:00.000000",
      "2019-09-23T00:00:00.000000",
      "2019-09-30T00:00:00.000000",
      "2019-10-07T00:00:00.000000",
      "2019-10-14T00:00:00.000000",
      "2019-10-21T00:00:00.000000",
      "2019-10-28T00:00:00.000000",
      "2019-11-04T00:00:00.000000",
