{
  "model_name": "Ridge Regression",
  "horizon": 1,
  "feature_mode": "full",
  "metrics": {
    "val": {
      "RMSE": 0.056693,
      "MAE": 0.048042,
      "MAPE": 1.831
    },
    "test": {
      "RMSE": 0.11188,
      "MAE": 0.104172,
      "MAPE": 4.1335
    }
  },
  "predictions": {
    "test": [
      2.5344413362572014,
      2.4945403007906672,
      2.5049224799080125,
      2.494706629544931,
      2.5621788080883903,
      2.6339903172941272,
      2.6229142718737,
      2.6426408150253673,
      2.578669617016297,
      2.536108545555577,
      2.5453038729736344,
      2.5828903844604323,
      2.5817671747541,
      2.597542223783685,
      2.528369420437731,
      2.4791691834631675,
      2.45479239798458,
      2.4222161933978623,
      2.4909841322570405,
      2.4498062677023156,
      2.5147360426939422,
      2.5581230947039475,
      2.5642855833010856,
      2.56737764779098,
      2.53195600022268,
      2.595686376220166,
      2.9680408386031862,
      2.8402328082797608,
      2.7938968525190178,
      2.7508423912851088,
      2.702996731322844,
      2.6238426255430896,
      2.6392478718587427,
      2.637642216891895,
      2.6478701562150704,
      2.7557850993967885,
      2.772052533604955,
      2.732584767834214,
      2.6971497733049956,
      2.6611424147517164,
      2.644598163202597,
      2.607419724523906,
      2.658020644487546,
      2.7264218387135943,
      2.7102591712701396,
      2.7682582335650876,
      2.764970273768281,
      2.8119878141282166,
      2.8435329536558465,
      2.7868758116336116,
      2.7336813912445774,
      2.7320921508133704,
      2.749227649345255,
      2.7440313785953068,
      2.811444733392933,
      2.860790280927202,
      2.921696929528954,
      2.8923445188312726,
      2.971715177751494,
      3.0146654429429205,
      3.0533715314501646,
      3.036112264771175,
      3.018803280107077,
      3.1257020239576914,
      3.150594031265028,
      3.1050418815585177,
      3.0831566786627693,
      3.0437438581197425,
      2.98374243190481,
      3.0249512087930905,
      3.042323324541748,
      3.0504525120934636,
      3.0076870046123276,
      3.0389577393130534,
      3.0291127558705258,
      3.0105744066317137,
      2.9920649319510546,
      3.0079164073515527,
      2.9929144367908234,
      3.01132398668716,
      3.024808614317789,
      3.0223138955305666,
      3.058026058862907,
      3.1007989522671617,
      3.053521145761119,
      3.018428143885088,
      2.990330979370416,
      2.9112031426326657,
      2.843181913537629,
      2.7711270197048643,
      2.701196500917098,
      2.613641065527774,
      2.606735564269829,
      2.5467028291565406,
      2.5057885596956195,
      2.4685204108929173,
      2.444003824902127,
      2.4688464394509673,
      2.4654121627898045,
      2.4765453482019493,
      2.478090982972687,
      2.5051374054132203,
      2.549318498529515,
      2.6336997006960474,
      2.6499592462663726,
      2.7057920329268197,
      2.7880014867716145,
      2.8518215448269135,
      2.9249337170643197,
      2.9733035813185973,
      3.068935869345451,
      3.0439654324076115,
      3.107019828926017,
      3.09970600562215,
      3.046378990067379,
      3.0412637699843743,
      2.9978629621195907,
      2.984754808596545,
      2.8914775757464453,
      2.8414222589241276,
      2.8447395605084522,
      2.9282599708388526,
      2.9489296990124716,
      2.9936043504600365,
      2.940028569210694,
      2.8959941018856146,
      2.865006287294467,
      2.7810440079937138,
      2.777980279748544,
      2.7556627976451984,
      2.7480496463048123,
      2.7422655608616924,
      2.7528059551311834,
      2.8977222945762255,
      2.8426112510101795,
      2.872190746207852,
      2.8522622730156284,
      2.8582038048989054,
      2.7915241319611064,
      2.826655352087568,
      2.8359084768158023,
      2.7933568865327816,
      2.7889215372543528,
      2.785050363454238,
      2.7603361398636155,
      2.732696470489559,
      2.73696441414841,
      2.8029759525218894,
      2.788214564100877,
      2.779488335020802,
      2.739338399600471,
      2.7045990233799366,
      2.64850019234834,
      2.620102561527636,
      2.6469045470292514,
      2.6934635576208987,
      2.6256114726549233,
      2.587860757265992,
      2.423710887143399,
      2.2871094169262522,
      2.1766653149150734,
      2.1156746345930526,
      2.0593861719967816,
      2.0405241768631464,
      2.008241487401996,
      2.0457919204420763,
      2.1188006033686877,
      2.125241792555562,
      2.2329953585170337,
      2.2105302810303478,
      2.291525054069151,
      2.3526232062410273,
      2.3628722395010486,
      2.415018271884513,
      2.395349086542031,
      2.416398613149036,
      2.393446046556055,
      2.3819971391404047,
      2.3856542216510497,
      2.367566804444944,
      2.376223519186086,
      2.4009083534977087,
      2.450328618683343,
      2.4155312574028036,
      2.384751542616,
      2.376466105143007,
      2.3735819983076643,
      2.3789643771827547,
      2.374490226849217,
      2.355456597745934,
      2.353299822272477,
      2.3086881022565082,
      2.300388882458834,
      2.3286364337152388,
      2.310740595617607,
      2.345864755776214,
      2.3912779987416104,
      2.372172398099526,
      2.468480811452067,
      2.461315113644779,
      2.4706431722612967,
      2.566505582698612,
      2.6123217191777246
    ]
  },