{
  "model_name": "Ridge Regression",
  "horizon": 4,
  "feature_mode": "full",
  "metrics": {
    "val": {
      "RMSE": 0.18094,
      "MAE": 0.146933,
      "MAPE": 5.7407
    },
    "test": {
      "RMSE": 0.257989,
      "MAE": 0.231568,
      "MAPE": 9.3024
    }
  },
  "predictions": {
    "test": [
      2.623794650635192,
      2.679179457897898,
      2.7317893304235783,
      2.660776369044012,
      2.6847409415298964,
      2.672919055496437,
      2.754426258639846,
      2.834663568747715,
      2.7784551674330427,
      2.8002293203509083,
      2.702150630480744,
      2.6566594617239727,
      2.6794844061952556,
      2.7264555255741607,
      2.7260293403821287,
      2.7429573105714447,
      2.6473721943667496,
      2.5968258120027845,
      2.5745951532998506,
      2.5086658200797793,
      2.622929164745849,
      2.5670621931343707,
      2.670165804727748,
      2.720795506201986,
      2.6840788669545566,
      2.6773200735530347,
      2.625133392739726,
      2.7221421851924688,
      3.205725711463092,
      2.8486742211326463,
      2.7774438936224355,
      2.766775088562095,
      2.706552559385933,
      2.599514028012231,
      2.6500524451490803,
      2.669896115869392,
      2.7188626849169086,
      2.8913430676054004,
      2.873668060754227,
      2.801206972126634,
      2.7828146072156525,
      2.7587915872874813,
      2.7363519160007157,
      2.6914743855047476,
      2.7789630451872918,
      2.9065560226043243,
      2.864584152853933,
      2.9455309920502777,
      2.925686236326425,
      2.9807441570337585,
      3.0193872809265776,
      2.9188499968901547,
      2.86174810687475,
      2.878108891430622,
      2.9039241766851496,
      2.898120406627999,
      3.006302249767124,
      3.0603713362406495,
      3.107790448334348,
      3.0401130378034082,
      3.1466234095680905,
      3.181601172821234,
      3.2009609113357493,
      3.143785311489448,
      3.1217382625584325,
      3.2545679094432307,
      3.265476791103116,
      3.1635416077054224,
      3.154263466560039,
      3.1223993918873605,
      3.050934394612432,
      3.0980738264321417,
      3.1257880232705575,
      3.145418809571682,
      3.101931913546287,
      3.1552723333908843,
      3.119874192351287,
      3.090419037854061,
      3.0746373234258764,
      3.102437035644928,
      3.0722373604904414,
      3.0996319755198956,
      3.114560370324612,
      3.107556711348767,
      3.149961577731591,
      3.1942244083210447,
      3.1053327934314017,
      3.0705181106673507,
      3.046507068500131,
      2.9499145189856826,
      2.8772123017260576,
      2.804885790188595,
      2.7356922216589625,
      2.664060957646869,
      2.691353768556093,
      2.6313791410933303,
      2.6055217368887487,
      2.5688703709560903,
      2.6034655602441963,
      2.652823599245654,
      2.6515020755364445,
      2.6749330845681287,
      2.696891122759665,
      2.7321126224238546,
      2.7785437419572396,
      2.866975326413449,
      2.856485025176806,
      2.915379207797476,
      3.003542585322895,
      3.0399087830449982,
      3.0818403386415767,
      3.108909473455895,
      3.207453826654773,
      3.1290523089994196,
      3.204511537653455,
      3.1698039100404944,
      3.096606396428175,
      3.1165339887235763,
      3.068996622378532,
      3.051498555126253,
      2.951128805180036,
      2.9123539669541727,
      2.947852072953835,
      3.04694205670208,
      3.0710578374244504,
      3.1277459293792322,
      3.045947996748943,
      3.000048644013906,
      2.9509130576494353,
      2.8318375628580092,
      2.8472509851533525,
      2.836187510388277,
      2.828815366567151,
      2.839444249852741,
      2.8614396536002267,
      3.0651560774821207,
      2.936433348608683,
      2.960014531019233,
      2.935818148622396,
      2.946100265435865,
      2.8528609097120503,
      2.918212350227132,
      2.927861065258823,
      2.8719748516186145,
      2.88687301049385,
      2.9021573811896895,
      2.8685092128396397,
      2.847804885188437,
      2.861466305337063,
      2.9372294559008445,
      2.9561191793414845,
      2.9430402851433612,
      2.893318354972372,
      2.8546705862819426,
      2.7974641959312105,
      2.768156698275616,
      2.8185394062417375,
      2.8889320130726226,
      2.7998908598064713,
      2.7690599567839413,
      2.557271161657768,
      2.3929207260070884,
      2.27756053930253,
      2.2175112864164492,
      2.1889098636694375,
      2.2170482336526747,
      2.2085958417945446,
      2.2844615970458317,
      2.3968941930788774,
      2.3840718641717262,
      2.5198145090266415,
      2.4276684903187435,
      2.5194635229317983,
      2.570876661084519,
      2.5335061064919255,
      2.5874765410115748,
      2.5118339093860897,
      2.5344442531363054,
      2.499114760631689,
      2.486806623200991,
      2.490921163627428,
      2.4701300813786515,
      2.4955054607766733,
      2.53823139530399,
      2.6028416414247872,
      2.5318946632886545,
      2.4950028400962205,
      2.498990059544858,
      2.4943423870845014,
      2.495394822045515,
      2.495605095977288,
      2.4767970307194673,
      2.482594253572208,
      2.4301088956301062,
      2.4255971261398335,
      2.4734691156686477,
      2.4463373234427537,
      2.507384146172506,
      2.5814450539925105,
      2.5320982227308413,
      2.6676423968870187,
      2.6229105598010625
    ]
  },